--
-- PostgreSQL database dump
--

\restrict 8eu2u8r03HB8EKOXf4ivhGxkmwAGRETHpM29Vn0RWxWZouB2yqu1YwGkTr5AUqx

-- Dumped from database version 18.1
-- Dumped by pg_dump version 18.1

-- Started on 2026-04-08 16:20:27

SET statement_timeout = 0;
SET lock_timeout = 0;
SET idle_in_transaction_session_timeout = 0;
SET transaction_timeout = 0;
SET client_encoding = 'UTF8';
SET standard_conforming_strings = on;
SELECT pg_catalog.set_config('search_path', '', false);
SET check_function_bodies = false;
SET xmloption = content;
SET client_min_messages = warning;
SET row_security = off;

SET default_tablespace = '';

SET default_table_access_method = heap;

--
-- TOC entry 226 (class 1259 OID 26053)
-- Name: auth_group; Type: TABLE; Schema: public; Owner: postgres
--

CREATE TABLE public.auth_group (
    id integer NOT NULL,
    name character varying(150) NOT NULL
);


ALTER TABLE public.auth_group OWNER TO postgres;

--
-- TOC entry 225 (class 1259 OID 26052)
-- Name: auth_group_id_seq; Type: SEQUENCE; Schema: public; Owner: postgres
--

ALTER TABLE public.auth_group ALTER COLUMN id ADD GENERATED BY DEFAULT AS IDENTITY (
    SEQUENCE NAME public.auth_group_id_seq
    START WITH 1
    INCREMENT BY 1
    NO MINVALUE
    NO MAXVALUE
    CACHE 1
);


--
-- TOC entry 228 (class 1259 OID 26063)
-- Name: auth_group_permissions; Type: TABLE; Schema: public; Owner: postgres
--

CREATE TABLE public.auth_group_permissions (
    id bigint NOT NULL,
    group_id integer NOT NULL,
    permission_id integer NOT NULL
);


ALTER TABLE public.auth_group_permissions OWNER TO postgres;

--
-- TOC entry 227 (class 1259 OID 26062)
-- Name: auth_group_permissions_id_seq; Type: SEQUENCE; Schema: public; Owner: postgres
--

ALTER TABLE public.auth_group_permissions ALTER COLUMN id ADD GENERATED BY DEFAULT AS IDENTITY (
    SEQUENCE NAME public.auth_group_permissions_id_seq
    START WITH 1
    INCREMENT BY 1
    NO MINVALUE
    NO MAXVALUE
    CACHE 1
);


--
-- TOC entry 224 (class 1259 OID 26043)
-- Name: auth_permission; Type: TABLE; Schema: public; Owner: postgres
--

CREATE TABLE public.auth_permission (
    id integer NOT NULL,
    name character varying(255) NOT NULL,
    content_type_id integer NOT NULL,
    codename character varying(100) NOT NULL
);


ALTER TABLE public.auth_permission OWNER TO postgres;

--
-- TOC entry 223 (class 1259 OID 26042)
-- Name: auth_permission_id_seq; Type: SEQUENCE; Schema: public; Owner: postgres
--

ALTER TABLE public.auth_permission ALTER COLUMN id ADD GENERATED BY DEFAULT AS IDENTITY (
    SEQUENCE NAME public.auth_permission_id_seq
    START WITH 1
    INCREMENT BY 1
    NO MINVALUE
    NO MAXVALUE
    CACHE 1
);


--
-- TOC entry 230 (class 1259 OID 26072)
-- Name: auth_user; Type: TABLE; Schema: public; Owner: postgres
--

CREATE TABLE public.auth_user (
    id integer NOT NULL,
    password character varying(128) NOT NULL,
    last_login timestamp with time zone,
    is_superuser boolean NOT NULL,
    username character varying(150) NOT NULL,
    first_name character varying(150) NOT NULL,
    last_name character varying(150) NOT NULL,
    email character varying(254) NOT NULL,
    is_staff boolean NOT NULL,
    is_active boolean NOT NULL,
    date_joined timestamp with time zone NOT NULL
);


ALTER TABLE public.auth_user OWNER TO postgres;

--
-- TOC entry 232 (class 1259 OID 26091)
-- Name: auth_user_groups; Type: TABLE; Schema: public; Owner: postgres
--

CREATE TABLE public.auth_user_groups (
    id bigint NOT NULL,
    user_id integer NOT NULL,
    group_id integer NOT NULL
);


ALTER TABLE public.auth_user_groups OWNER TO postgres;

--
-- TOC entry 231 (class 1259 OID 26090)
-- Name: auth_user_groups_id_seq; Type: SEQUENCE; Schema: public; Owner: postgres
--

ALTER TABLE public.auth_user_groups ALTER COLUMN id ADD GENERATED BY DEFAULT AS IDENTITY (
    SEQUENCE NAME public.auth_user_groups_id_seq
    START WITH 1
    INCREMENT BY 1
    NO MINVALUE
    NO MAXVALUE
    CACHE 1
);


--
-- TOC entry 229 (class 1259 OID 26071)
-- Name: auth_user_id_seq; Type: SEQUENCE; Schema: public; Owner: postgres
--

ALTER TABLE public.auth_user ALTER COLUMN id ADD GENERATED BY DEFAULT AS IDENTITY (
    SEQUENCE NAME public.auth_user_id_seq
    START WITH 1
    INCREMENT BY 1
    NO MINVALUE
    NO MAXVALUE
    CACHE 1
);


--
-- TOC entry 234 (class 1259 OID 26100)
-- Name: auth_user_user_permissions; Type: TABLE; Schema: public; Owner: postgres
--

CREATE TABLE public.auth_user_user_permissions (
    id bigint NOT NULL,
    user_id integer NOT NULL,
    permission_id integer NOT NULL
);


ALTER TABLE public.auth_user_user_permissions OWNER TO postgres;

--
-- TOC entry 233 (class 1259 OID 26099)
-- Name: auth_user_user_permissions_id_seq; Type: SEQUENCE; Schema: public; Owner: postgres
--

ALTER TABLE public.auth_user_user_permissions ALTER COLUMN id ADD GENERATED BY DEFAULT AS IDENTITY (
    SEQUENCE NAME public.auth_user_user_permissions_id_seq
    START WITH 1
    INCREMENT BY 1
    NO MINVALUE
    NO MAXVALUE
    CACHE 1
);


--
-- TOC entry 242 (class 1259 OID 26226)
-- Name: blog_izoh; Type: TABLE; Schema: public; Owner: postgres
--

CREATE TABLE public.blog_izoh (
    id bigint NOT NULL,
    matn text NOT NULL,
    yaratilgan timestamp with time zone NOT NULL,
    muallif_id integer NOT NULL,
    post_id bigint NOT NULL
);


ALTER TABLE public.blog_izoh OWNER TO postgres;

--
-- TOC entry 241 (class 1259 OID 26225)
-- Name: blog_izoh_id_seq; Type: SEQUENCE; Schema: public; Owner: postgres
--

ALTER TABLE public.blog_izoh ALTER COLUMN id ADD GENERATED BY DEFAULT AS IDENTITY (
    SEQUENCE NAME public.blog_izoh_id_seq
    START WITH 1
    INCREMENT BY 1
    NO MINVALUE
    NO MAXVALUE
    CACHE 1
);


--
-- TOC entry 238 (class 1259 OID 26202)
-- Name: blog_kategoriya; Type: TABLE; Schema: public; Owner: postgres
--

CREATE TABLE public.blog_kategoriya (
    id bigint NOT NULL,
    nom character varying(100) NOT NULL
);


ALTER TABLE public.blog_kategoriya OWNER TO postgres;

--
-- TOC entry 237 (class 1259 OID 26201)
-- Name: blog_kategoriya_id_seq; Type: SEQUENCE; Schema: public; Owner: postgres
--

ALTER TABLE public.blog_kategoriya ALTER COLUMN id ADD GENERATED BY DEFAULT AS IDENTITY (
    SEQUENCE NAME public.blog_kategoriya_id_seq
    START WITH 1
    INCREMENT BY 1
    NO MINVALUE
    NO MAXVALUE
    CACHE 1
);


--
-- TOC entry 240 (class 1259 OID 26210)
-- Name: blog_post; Type: TABLE; Schema: public; Owner: postgres
--

CREATE TABLE public.blog_post (
    id bigint NOT NULL,
    sarlavha character varying(200) NOT NULL,
    matn text NOT NULL,
    rasm character varying(100),
    yaratilgan_sana timestamp with time zone NOT NULL,
    yangilangan_sana timestamp with time zone NOT NULL,
    nashr_etilgan boolean NOT NULL,
    korildi integer NOT NULL,
    muallif_id integer NOT NULL
);


ALTER TABLE public.blog_post OWNER TO postgres;

--
-- TOC entry 239 (class 1259 OID 26209)
-- Name: blog_post_id_seq; Type: SEQUENCE; Schema: public; Owner: postgres
--

ALTER TABLE public.blog_post ALTER COLUMN id ADD GENERATED BY DEFAULT AS IDENTITY (
    SEQUENCE NAME public.blog_post_id_seq
    START WITH 1
    INCREMENT BY 1
    NO MINVALUE
    NO MAXVALUE
    CACHE 1
);


--
-- TOC entry 244 (class 1259 OID 26239)
-- Name: blog_postrasm; Type: TABLE; Schema: public; Owner: postgres
--

CREATE TABLE public.blog_postrasm (
    id bigint NOT NULL,
    rasm character varying(100) NOT NULL,
    post_id bigint NOT NULL
);


ALTER TABLE public.blog_postrasm OWNER TO postgres;

--
-- TOC entry 243 (class 1259 OID 26238)
-- Name: blog_postrasm_id_seq; Type: SEQUENCE; Schema: public; Owner: postgres
--

ALTER TABLE public.blog_postrasm ALTER COLUMN id ADD GENERATED BY DEFAULT AS IDENTITY (
    SEQUENCE NAME public.blog_postrasm_id_seq
    START WITH 1
    INCREMENT BY 1
    NO MINVALUE
    NO MAXVALUE
    CACHE 1
);


--
-- TOC entry 246 (class 1259 OID 26248)
-- Name: blog_profil; Type: TABLE; Schema: public; Owner: postgres
--

CREATE TABLE public.blog_profil (
    id bigint NOT NULL,
    rasm character varying(100) NOT NULL,
    bio text NOT NULL,
    tugilgan_sana date,
    manzil character varying(200) NOT NULL,
    foydalanuvchi_id integer NOT NULL
);


ALTER TABLE public.blog_profil OWNER TO postgres;

--
-- TOC entry 245 (class 1259 OID 26247)
-- Name: blog_profil_id_seq; Type: SEQUENCE; Schema: public; Owner: postgres
--

ALTER TABLE public.blog_profil ALTER COLUMN id ADD GENERATED BY DEFAULT AS IDENTITY (
    SEQUENCE NAME public.blog_profil_id_seq
    START WITH 1
    INCREMENT BY 1
    NO MINVALUE
    NO MAXVALUE
    CACHE 1
);


--
-- TOC entry 236 (class 1259 OID 26161)
-- Name: django_admin_log; Type: TABLE; Schema: public; Owner: postgres
--

CREATE TABLE public.django_admin_log (
    id integer NOT NULL,
    action_time timestamp with time zone NOT NULL,
    object_id text,
    object_repr character varying(200) NOT NULL,
    action_flag smallint NOT NULL,
    change_message text NOT NULL,
    content_type_id integer,
    user_id integer NOT NULL,
    CONSTRAINT django_admin_log_action_flag_check CHECK ((action_flag >= 0))
);


ALTER TABLE public.django_admin_log OWNER TO postgres;

--
-- TOC entry 235 (class 1259 OID 26160)
-- Name: django_admin_log_id_seq; Type: SEQUENCE; Schema: public; Owner: postgres
--

ALTER TABLE public.django_admin_log ALTER COLUMN id ADD GENERATED BY DEFAULT AS IDENTITY (
    SEQUENCE NAME public.django_admin_log_id_seq
    START WITH 1
    INCREMENT BY 1
    NO MINVALUE
    NO MAXVALUE
    CACHE 1
);


--
-- TOC entry 222 (class 1259 OID 26031)
-- Name: django_content_type; Type: TABLE; Schema: public; Owner: postgres
--

CREATE TABLE public.django_content_type (
    id integer NOT NULL,
    app_label character varying(100) NOT NULL,
    model character varying(100) NOT NULL
);


ALTER TABLE public.django_content_type OWNER TO postgres;

--
-- TOC entry 221 (class 1259 OID 26030)
-- Name: django_content_type_id_seq; Type: SEQUENCE; Schema: public; Owner: postgres
--

ALTER TABLE public.django_content_type ALTER COLUMN id ADD GENERATED BY DEFAULT AS IDENTITY (
    SEQUENCE NAME public.django_content_type_id_seq
    START WITH 1
    INCREMENT BY 1
    NO MINVALUE
    NO MAXVALUE
    CACHE 1
);


--
-- TOC entry 220 (class 1259 OID 26019)
-- Name: django_migrations; Type: TABLE; Schema: public; Owner: postgres
--

CREATE TABLE public.django_migrations (
    id bigint NOT NULL,
    app character varying(255) NOT NULL,
    name character varying(255) NOT NULL,
    applied timestamp with time zone NOT NULL
);


ALTER TABLE public.django_migrations OWNER TO postgres;

--
-- TOC entry 219 (class 1259 OID 26018)
-- Name: django_migrations_id_seq; Type: SEQUENCE; Schema: public; Owner: postgres
--

ALTER TABLE public.django_migrations ALTER COLUMN id ADD GENERATED BY DEFAULT AS IDENTITY (
    SEQUENCE NAME public.django_migrations_id_seq
    START WITH 1
    INCREMENT BY 1
    NO MINVALUE
    NO MAXVALUE
    CACHE 1
);


--
-- TOC entry 247 (class 1259 OID 26291)
-- Name: django_session; Type: TABLE; Schema: public; Owner: postgres
--

CREATE TABLE public.django_session (
    session_key character varying(40) NOT NULL,
    session_data text NOT NULL,
    expire_date timestamp with time zone NOT NULL
);


ALTER TABLE public.django_session OWNER TO postgres;

--
-- TOC entry 5157 (class 0 OID 26053)
-- Dependencies: 226
-- Data for Name: auth_group; Type: TABLE DATA; Schema: public; Owner: postgres
--

COPY public.auth_group (id, name) FROM stdin;
\.


--
-- TOC entry 5159 (class 0 OID 26063)
-- Dependencies: 228
-- Data for Name: auth_group_permissions; Type: TABLE DATA; Schema: public; Owner: postgres
--

COPY public.auth_group_permissions (id, group_id, permission_id) FROM stdin;
\.


--
-- TOC entry 5155 (class 0 OID 26043)
-- Dependencies: 224
-- Data for Name: auth_permission; Type: TABLE DATA; Schema: public; Owner: postgres
--

COPY public.auth_permission (id, name, content_type_id, codename) FROM stdin;
1	Can add log entry	1	add_logentry
2	Can change log entry	1	change_logentry
3	Can delete log entry	1	delete_logentry
4	Can view log entry	1	view_logentry
5	Can add permission	2	add_permission
6	Can change permission	2	change_permission
7	Can delete permission	2	delete_permission
8	Can view permission	2	view_permission
9	Can add group	3	add_group
10	Can change group	3	change_group
11	Can delete group	3	delete_group
12	Can view group	3	view_group
13	Can add user	4	add_user
14	Can change user	4	change_user
15	Can delete user	4	delete_user
16	Can view user	4	view_user
17	Can add content type	5	add_contenttype
18	Can change content type	5	change_contenttype
19	Can delete content type	5	delete_contenttype
20	Can view content type	5	view_contenttype
21	Can add session	6	add_session
22	Can change session	6	change_session
23	Can delete session	6	delete_session
24	Can view session	6	view_session
25	Can add kategoriya	7	add_kategoriya
26	Can change kategoriya	7	change_kategoriya
27	Can delete kategoriya	7	delete_kategoriya
28	Can view kategoriya	7	view_kategoriya
29	Can add post	8	add_post
30	Can change post	8	change_post
31	Can delete post	8	delete_post
32	Can view post	8	view_post
33	Can add izoh	9	add_izoh
34	Can change izoh	9	change_izoh
35	Can delete izoh	9	delete_izoh
36	Can view izoh	9	view_izoh
37	Can add post rasm	10	add_postrasm
38	Can change post rasm	10	change_postrasm
39	Can delete post rasm	10	delete_postrasm
40	Can view post rasm	10	view_postrasm
41	Can add profil	11	add_profil
42	Can change profil	11	change_profil
43	Can delete profil	11	delete_profil
44	Can view profil	11	view_profil
\.


--
-- TOC entry 5161 (class 0 OID 26072)
-- Dependencies: 230
-- Data for Name: auth_user; Type: TABLE DATA; Schema: public; Owner: postgres
--

COPY public.auth_user (id, password, last_login, is_superuser, username, first_name, last_name, email, is_staff, is_active, date_joined) FROM stdin;
1	pbkdf2_sha256$1000000$vGZitzePx8EYzVyG2sAwa5$0jFeJ4nDa+P6PNekdEf6gSBYY79SRylUZU6smcKW+xY=	2026-04-08 15:34:44.676653+05	f	shahodat			shakhodat2008@icloud.com	f	t	2026-04-08 15:34:43.82592+05
2	pbkdf2_sha256$1000000$7DRGORVYZFOckSfzgpfnvh$OtfwEXUVoxoX/T2E9vpjhqaXPp+tBRlptqWsLlHhduk=	2026-04-08 15:37:48.18561+05	t	shaxodat			shaxodat@gmail.com	t	t	2026-04-08 15:37:12.950044+05
\.


--
-- TOC entry 5163 (class 0 OID 26091)
-- Dependencies: 232
-- Data for Name: auth_user_groups; Type: TABLE DATA; Schema: public; Owner: postgres
--

COPY public.auth_user_groups (id, user_id, group_id) FROM stdin;
\.


--
-- TOC entry 5165 (class 0 OID 26100)
-- Dependencies: 234
-- Data for Name: auth_user_user_permissions; Type: TABLE DATA; Schema: public; Owner: postgres
--

COPY public.auth_user_user_permissions (id, user_id, permission_id) FROM stdin;
\.


--
-- TOC entry 5173 (class 0 OID 26226)
-- Dependencies: 242
-- Data for Name: blog_izoh; Type: TABLE DATA; Schema: public; Owner: postgres
--

COPY public.blog_izoh (id, matn, yaratilgan, muallif_id, post_id) FROM stdin;
1	cccccccccc	2026-04-08 15:39:10.144233+05	1	1
\.


--
-- TOC entry 5169 (class 0 OID 26202)
-- Dependencies: 238
-- Data for Name: blog_kategoriya; Type: TABLE DATA; Schema: public; Owner: postgres
--

COPY public.blog_kategoriya (id, nom) FROM stdin;
\.


--
-- TOC entry 5171 (class 0 OID 26210)
-- Dependencies: 240
-- Data for Name: blog_post; Type: TABLE DATA; Schema: public; Owner: postgres
--

COPY public.blog_post (id, sarlavha, matn, rasm, yaratilgan_sana, yangilangan_sana, nashr_etilgan, korildi, muallif_id) FROM stdin;
1	Yashamoq	ccccccccc		2026-04-08 15:39:10.141751+05	2026-04-08 15:39:10.141751+05	t	0	2
2	Binafsha shu'lasi1	sssssssssss		2026-04-08 15:39:31.209931+05	2026-04-08 15:39:31.211236+05	t	0	2
3	Mukashaffatul qulub	aaaaaaaaaaaa		2026-04-08 15:39:50.824898+05	2026-04-08 15:39:50.824898+05	t	0	2
4	Odam bo'lish qiyin	qqqqqqqqqq		2026-04-08 15:40:16.050834+05	2026-04-08 15:40:16.050834+05	t	0	2
\.


--
-- TOC entry 5175 (class 0 OID 26239)
-- Dependencies: 244
-- Data for Name: blog_postrasm; Type: TABLE DATA; Schema: public; Owner: postgres
--

COPY public.blog_postrasm (id, rasm, post_id) FROM stdin;
\.


--
-- TOC entry 5177 (class 0 OID 26248)
-- Dependencies: 246
-- Data for Name: blog_profil; Type: TABLE DATA; Schema: public; Owner: postgres
--

COPY public.blog_profil (id, rasm, bio, tugilgan_sana, manzil, foydalanuvchi_id) FROM stdin;
1	profillar/default.jpg		\N		1
2	profillar/default.jpg		\N		2
\.


--
-- TOC entry 5167 (class 0 OID 26161)
-- Dependencies: 236
-- Data for Name: django_admin_log; Type: TABLE DATA; Schema: public; Owner: postgres
--

COPY public.django_admin_log (id, action_time, object_id, object_repr, action_flag, change_message, content_type_id, user_id) FROM stdin;
1	2026-04-08 15:39:10.1473+05	1	Yashamoq	1	[{"added": {}}, {"added": {"name": "izoh", "object": "shahodat - cccccccccc"}}]	8	2
2	2026-04-08 15:39:31.213166+05	2	Binafsha shu'lasi1	1	[{"added": {}}]	8	2
3	2026-04-08 15:39:50.826904+05	3	Mukashaffatul qulub	1	[{"added": {}}]	8	2
4	2026-04-08 15:40:16.054067+05	4	Odam bo'lish qiyin	1	[{"added": {}}]	8	2
\.


--
-- TOC entry 5153 (class 0 OID 26031)
-- Dependencies: 222
-- Data for Name: django_content_type; Type: TABLE DATA; Schema: public; Owner: postgres
--

COPY public.django_content_type (id, app_label, model) FROM stdin;
1	admin	logentry
2	auth	permission
3	auth	group
4	auth	user
5	contenttypes	contenttype
6	sessions	session
7	blog	kategoriya
8	blog	post
9	blog	izoh
10	blog	postrasm
11	blog	profil
\.


--
-- TOC entry 5151 (class 0 OID 26019)
-- Dependencies: 220
-- Data for Name: django_migrations; Type: TABLE DATA; Schema: public; Owner: postgres
--

COPY public.django_migrations (id, app, name, applied) FROM stdin;
1	contenttypes	0001_initial	2026-04-08 15:19:14.711516+05
2	auth	0001_initial	2026-04-08 15:19:14.815366+05
3	admin	0001_initial	2026-04-08 15:19:14.844045+05
4	admin	0002_logentry_remove_auto_add	2026-04-08 15:19:14.853101+05
5	admin	0003_logentry_add_action_flag_choices	2026-04-08 15:19:14.861104+05
6	contenttypes	0002_remove_content_type_name	2026-04-08 15:19:14.881848+05
7	auth	0002_alter_permission_name_max_length	2026-04-08 15:19:14.891009+05
8	auth	0003_alter_user_email_max_length	2026-04-08 15:19:14.902088+05
9	auth	0004_alter_user_username_opts	2026-04-08 15:19:14.908796+05
10	auth	0005_alter_user_last_login_null	2026-04-08 15:19:14.91842+05
11	auth	0006_require_contenttypes_0002	2026-04-08 15:19:14.920924+05
12	auth	0007_alter_validators_add_error_messages	2026-04-08 15:19:14.928419+05
13	auth	0008_alter_user_username_max_length	2026-04-08 15:19:14.94815+05
14	auth	0009_alter_user_last_name_max_length	2026-04-08 15:19:14.95725+05
15	auth	0010_alter_group_name_max_length	2026-04-08 15:19:14.970142+05
16	auth	0011_update_proxy_permissions	2026-04-08 15:19:14.97672+05
17	auth	0012_alter_user_first_name_max_length	2026-04-08 15:19:14.986184+05
18	blog	0001_initial	2026-04-08 15:19:15.106782+05
19	sessions	0001_initial	2026-04-08 15:19:15.124621+05
\.


--
-- TOC entry 5178 (class 0 OID 26291)
-- Dependencies: 247
-- Data for Name: django_session; Type: TABLE DATA; Schema: public; Owner: postgres
--

COPY public.django_session (session_key, session_data, expire_date) FROM stdin;
f9wezqavbf1znre0s34krsyqd5hmibdq	.eJxVjEEOwiAQRe_C2pAiUhiX7j0DmWEGqRpISrsy3l2bdKHb_977LxVxXUpcu8xxYnVWR3X43QjTQ-oG-I711nRqdZkn0puid9r1tbE8L7v7d1Cwl28dcCCDxFZ84JEhsEc6iUnoRyYgB0lsRkssHkiQHYM1SbIBzEN26v0BJic56w:1wAQI8:5yf8vTkyMS3-HqGkQc84r_ZGBdDrJwYlqOtw1ZpCoHw	2026-04-22 15:37:48.192819+05
\.


--
-- TOC entry 5184 (class 0 OID 0)
-- Dependencies: 225
-- Name: auth_group_id_seq; Type: SEQUENCE SET; Schema: public; Owner: postgres
--

SELECT pg_catalog.setval('public.auth_group_id_seq', 1, false);


--
-- TOC entry 5185 (class 0 OID 0)
-- Dependencies: 227
-- Name: auth_group_permissions_id_seq; Type: SEQUENCE SET; Schema: public; Owner: postgres
--

SELECT pg_catalog.setval('public.auth_group_permissions_id_seq', 1, false);


--
-- TOC entry 5186 (class 0 OID 0)
-- Dependencies: 223
-- Name: auth_permission_id_seq; Type: SEQUENCE SET; Schema: public; Owner: postgres
--

SELECT pg_catalog.setval('public.auth_permission_id_seq', 44, true);


--
-- TOC entry 5187 (class 0 OID 0)
-- Dependencies: 231
-- Name: auth_user_groups_id_seq; Type: SEQUENCE SET; Schema: public; Owner: postgres
--

SELECT pg_catalog.setval('public.auth_user_groups_id_seq', 1, false);


--
-- TOC entry 5188 (class 0 OID 0)
-- Dependencies: 229
-- Name: auth_user_id_seq; Type: SEQUENCE SET; Schema: public; Owner: postgres
--

SELECT pg_catalog.setval('public.auth_user_id_seq', 2, true);


--
-- TOC entry 5189 (class 0 OID 0)
-- Dependencies: 233
-- Name: auth_user_user_permissions_id_seq; Type: SEQUENCE SET; Schema: public; Owner: postgres
--

SELECT pg_catalog.setval('public.auth_user_user_permissions_id_seq', 1, false);


--
-- TOC entry 5190 (class 0 OID 0)
-- Dependencies: 241
-- Name: blog_izoh_id_seq; Type: SEQUENCE SET; Schema: public; Owner: postgres
--

SELECT pg_catalog.setval('public.blog_izoh_id_seq', 1, true);


--
-- TOC entry 5191 (class 0 OID 0)
-- Dependencies: 237
-- Name: blog_kategoriya_id_seq; Type: SEQUENCE SET; Schema: public; Owner: postgres
--

SELECT pg_catalog.setval('public.blog_kategoriya_id_seq', 1, false);


--
-- TOC entry 5192 (class 0 OID 0)
-- Dependencies: 239
-- Name: blog_post_id_seq; Type: SEQUENCE SET; Schema: public; Owner: postgres
--

SELECT pg_catalog.setval('public.blog_post_id_seq', 4, true);


--
-- TOC entry 5193 (class 0 OID 0)
-- Dependencies: 243
-- Name: blog_postrasm_id_seq; Type: SEQUENCE SET; Schema: public; Owner: postgres
--

SELECT pg_catalog.setval('public.blog_postrasm_id_seq', 1, false);


--
-- TOC entry 5194 (class 0 OID 0)
-- Dependencies: 245
-- Name: blog_profil_id_seq; Type: SEQUENCE SET; Schema: public; Owner: postgres
--

SELECT pg_catalog.setval('public.blog_profil_id_seq', 2, true);


--
-- TOC entry 5195 (class 0 OID 0)
-- Dependencies: 235
-- Name: django_admin_log_id_seq; Type: SEQUENCE SET; Schema: public; Owner: postgres
--

SELECT pg_catalog.setval('public.django_admin_log_id_seq', 4, true);


--
-- TOC entry 5196 (class 0 OID 0)
-- Dependencies: 221
-- Name: django_content_type_id_seq; Type: SEQUENCE SET; Schema: public; Owner: postgres
--

SELECT pg_catalog.setval('public.django_content_type_id_seq', 11, true);


--
-- TOC entry 5197 (class 0 OID 0)
-- Dependencies: 219
-- Name: django_migrations_id_seq; Type: SEQUENCE SET; Schema: public; Owner: postgres
--

SELECT pg_catalog.setval('public.django_migrations_id_seq', 19, true);


--
-- TOC entry 4939 (class 2606 OID 26197)
-- Name: auth_group auth_group_name_key; Type: CONSTRAINT; Schema: public; Owner: postgres
--

ALTER TABLE ONLY public.auth_group
    ADD CONSTRAINT auth_group_name_key UNIQUE (name);


--
-- TOC entry 4944 (class 2606 OID 26118)
-- Name: auth_group_permissions auth_group_permissions_group_id_permission_id_0cd325b0_uniq; Type: CONSTRAINT; Schema: public; Owner: postgres
--

ALTER TABLE ONLY public.auth_group_permissions
    ADD CONSTRAINT auth_group_permissions_group_id_permission_id_0cd325b0_uniq UNIQUE (group_id, permission_id);


--
-- TOC entry 4947 (class 2606 OID 26070)
-- Name: auth_group_permissions auth_group_permissions_pkey; Type: CONSTRAINT; Schema: public; Owner: postgres
--

ALTER TABLE ONLY public.auth_group_permissions
    ADD CONSTRAINT auth_group_permissions_pkey PRIMARY KEY (id);


--
-- TOC entry 4941 (class 2606 OID 26059)
-- Name: auth_group auth_group_pkey; Type: CONSTRAINT; Schema: public; Owner: postgres
--

ALTER TABLE ONLY public.auth_group
    ADD CONSTRAINT auth_group_pkey PRIMARY KEY (id);


--
-- TOC entry 4934 (class 2606 OID 26109)
-- Name: auth_permission auth_permission_content_type_id_codename_01ab375a_uniq; Type: CONSTRAINT; Schema: public; Owner: postgres
--

ALTER TABLE ONLY public.auth_permission
    ADD CONSTRAINT auth_permission_content_type_id_codename_01ab375a_uniq UNIQUE (content_type_id, codename);


--
-- TOC entry 4936 (class 2606 OID 26051)
-- Name: auth_permission auth_permission_pkey; Type: CONSTRAINT; Schema: public; Owner: postgres
--

ALTER TABLE ONLY public.auth_permission
    ADD CONSTRAINT auth_permission_pkey PRIMARY KEY (id);


--
-- TOC entry 4955 (class 2606 OID 26098)
-- Name: auth_user_groups auth_user_groups_pkey; Type: CONSTRAINT; Schema: public; Owner: postgres
--

ALTER TABLE ONLY public.auth_user_groups
    ADD CONSTRAINT auth_user_groups_pkey PRIMARY KEY (id);


--
-- TOC entry 4958 (class 2606 OID 26133)
-- Name: auth_user_groups auth_user_groups_user_id_group_id_94350c0c_uniq; Type: CONSTRAINT; Schema: public; Owner: postgres
--

ALTER TABLE ONLY public.auth_user_groups
    ADD CONSTRAINT auth_user_groups_user_id_group_id_94350c0c_uniq UNIQUE (user_id, group_id);


--
-- TOC entry 4949 (class 2606 OID 26087)
-- Name: auth_user auth_user_pkey; Type: CONSTRAINT; Schema: public; Owner: postgres
--

ALTER TABLE ONLY public.auth_user
    ADD CONSTRAINT auth_user_pkey PRIMARY KEY (id);


--
-- TOC entry 4961 (class 2606 OID 26107)
-- Name: auth_user_user_permissions auth_user_user_permissions_pkey; Type: CONSTRAINT; Schema: public; Owner: postgres
--

ALTER TABLE ONLY public.auth_user_user_permissions
    ADD CONSTRAINT auth_user_user_permissions_pkey PRIMARY KEY (id);


--
-- TOC entry 4964 (class 2606 OID 26147)
-- Name: auth_user_user_permissions auth_user_user_permissions_user_id_permission_id_14a6b632_uniq; Type: CONSTRAINT; Schema: public; Owner: postgres
--

ALTER TABLE ONLY public.auth_user_user_permissions
    ADD CONSTRAINT auth_user_user_permissions_user_id_permission_id_14a6b632_uniq UNIQUE (user_id, permission_id);


--
-- TOC entry 4952 (class 2606 OID 26190)
-- Name: auth_user auth_user_username_key; Type: CONSTRAINT; Schema: public; Owner: postgres
--

ALTER TABLE ONLY public.auth_user
    ADD CONSTRAINT auth_user_username_key UNIQUE (username);


--
-- TOC entry 4976 (class 2606 OID 26237)
-- Name: blog_izoh blog_izoh_pkey; Type: CONSTRAINT; Schema: public; Owner: postgres
--

ALTER TABLE ONLY public.blog_izoh
    ADD CONSTRAINT blog_izoh_pkey PRIMARY KEY (id);


--
-- TOC entry 4970 (class 2606 OID 26208)
-- Name: blog_kategoriya blog_kategoriya_pkey; Type: CONSTRAINT; Schema: public; Owner: postgres
--

ALTER TABLE ONLY public.blog_kategoriya
    ADD CONSTRAINT blog_kategoriya_pkey PRIMARY KEY (id);


--
-- TOC entry 4973 (class 2606 OID 26224)
-- Name: blog_post blog_post_pkey; Type: CONSTRAINT; Schema: public; Owner: postgres
--

ALTER TABLE ONLY public.blog_post
    ADD CONSTRAINT blog_post_pkey PRIMARY KEY (id);


--
-- TOC entry 4979 (class 2606 OID 26246)
-- Name: blog_postrasm blog_postrasm_pkey; Type: CONSTRAINT; Schema: public; Owner: postgres
--

ALTER TABLE ONLY public.blog_postrasm
    ADD CONSTRAINT blog_postrasm_pkey PRIMARY KEY (id);


--
-- TOC entry 4982 (class 2606 OID 26261)
-- Name: blog_profil blog_profil_foydalanuvchi_id_key; Type: CONSTRAINT; Schema: public; Owner: postgres
--

ALTER TABLE ONLY public.blog_profil
    ADD CONSTRAINT blog_profil_foydalanuvchi_id_key UNIQUE (foydalanuvchi_id);


--
-- TOC entry 4984 (class 2606 OID 26259)
-- Name: blog_profil blog_profil_pkey; Type: CONSTRAINT; Schema: public; Owner: postgres
--

ALTER TABLE ONLY public.blog_profil
    ADD CONSTRAINT blog_profil_pkey PRIMARY KEY (id);


--
-- TOC entry 4967 (class 2606 OID 26174)
-- Name: django_admin_log django_admin_log_pkey; Type: CONSTRAINT; Schema: public; Owner: postgres
--

ALTER TABLE ONLY public.django_admin_log
    ADD CONSTRAINT django_admin_log_pkey PRIMARY KEY (id);


--
-- TOC entry 4929 (class 2606 OID 26041)
-- Name: django_content_type django_content_type_app_label_model_76bd3d3b_uniq; Type: CONSTRAINT; Schema: public; Owner: postgres
--

ALTER TABLE ONLY public.django_content_type
    ADD CONSTRAINT django_content_type_app_label_model_76bd3d3b_uniq UNIQUE (app_label, model);


--
-- TOC entry 4931 (class 2606 OID 26039)
-- Name: django_content_type django_content_type_pkey; Type: CONSTRAINT; Schema: public; Owner: postgres
--

ALTER TABLE ONLY public.django_content_type
    ADD CONSTRAINT django_content_type_pkey PRIMARY KEY (id);


--
-- TOC entry 4927 (class 2606 OID 26029)
-- Name: django_migrations django_migrations_pkey; Type: CONSTRAINT; Schema: public; Owner: postgres
--

ALTER TABLE ONLY public.django_migrations
    ADD CONSTRAINT django_migrations_pkey PRIMARY KEY (id);


--
-- TOC entry 4987 (class 2606 OID 26300)
-- Name: django_session django_session_pkey; Type: CONSTRAINT; Schema: public; Owner: postgres
--

ALTER TABLE ONLY public.django_session
    ADD CONSTRAINT django_session_pkey PRIMARY KEY (session_key);


--
-- TOC entry 4937 (class 1259 OID 26198)
-- Name: auth_group_name_a6ea08ec_like; Type: INDEX; Schema: public; Owner: postgres
--

CREATE INDEX auth_group_name_a6ea08ec_like ON public.auth_group USING btree (name varchar_pattern_ops);


--
-- TOC entry 4942 (class 1259 OID 26129)
-- Name: auth_group_permissions_group_id_b120cbf9; Type: INDEX; Schema: public; Owner: postgres
--

CREATE INDEX auth_group_permissions_group_id_b120cbf9 ON public.auth_group_permissions USING btree (group_id);


--
-- TOC entry 4945 (class 1259 OID 26130)
-- Name: auth_group_permissions_permission_id_84c5c92e; Type: INDEX; Schema: public; Owner: postgres
--

CREATE INDEX auth_group_permissions_permission_id_84c5c92e ON public.auth_group_permissions USING btree (permission_id);


--
-- TOC entry 4932 (class 1259 OID 26115)
-- Name: auth_permission_content_type_id_2f476e4b; Type: INDEX; Schema: public; Owner: postgres
--

CREATE INDEX auth_permission_content_type_id_2f476e4b ON public.auth_permission USING btree (content_type_id);


--
-- TOC entry 4953 (class 1259 OID 26145)
-- Name: auth_user_groups_group_id_97559544; Type: INDEX; Schema: public; Owner: postgres
--

CREATE INDEX auth_user_groups_group_id_97559544 ON public.auth_user_groups USING btree (group_id);


--
-- TOC entry 4956 (class 1259 OID 26144)
-- Name: auth_user_groups_user_id_6a12ed8b; Type: INDEX; Schema: public; Owner: postgres
--

CREATE INDEX auth_user_groups_user_id_6a12ed8b ON public.auth_user_groups USING btree (user_id);


--
-- TOC entry 4959 (class 1259 OID 26159)
-- Name: auth_user_user_permissions_permission_id_1fbb5f2c; Type: INDEX; Schema: public; Owner: postgres
--

CREATE INDEX auth_user_user_permissions_permission_id_1fbb5f2c ON public.auth_user_user_permissions USING btree (permission_id);


--
-- TOC entry 4962 (class 1259 OID 26158)
-- Name: auth_user_user_permissions_user_id_a95ead1b; Type: INDEX; Schema: public; Owner: postgres
--

CREATE INDEX auth_user_user_permissions_user_id_a95ead1b ON public.auth_user_user_permissions USING btree (user_id);


--
-- TOC entry 4950 (class 1259 OID 26191)
-- Name: auth_user_username_6821ab7c_like; Type: INDEX; Schema: public; Owner: postgres
--

CREATE INDEX auth_user_username_6821ab7c_like ON public.auth_user USING btree (username varchar_pattern_ops);


--
-- TOC entry 4974 (class 1259 OID 26278)
-- Name: blog_izoh_muallif_id_e16ac395; Type: INDEX; Schema: public; Owner: postgres
--

CREATE INDEX blog_izoh_muallif_id_e16ac395 ON public.blog_izoh USING btree (muallif_id);


--
-- TOC entry 4977 (class 1259 OID 26279)
-- Name: blog_izoh_post_id_1dd9ec33; Type: INDEX; Schema: public; Owner: postgres
--

CREATE INDEX blog_izoh_post_id_1dd9ec33 ON public.blog_izoh USING btree (post_id);


--
-- TOC entry 4971 (class 1259 OID 26267)
-- Name: blog_post_muallif_id_103a9173; Type: INDEX; Schema: public; Owner: postgres
--

CREATE INDEX blog_post_muallif_id_103a9173 ON public.blog_post USING btree (muallif_id);


--
-- TOC entry 4980 (class 1259 OID 26285)
-- Name: blog_postrasm_post_id_e1f6158c; Type: INDEX; Schema: public; Owner: postgres
--

CREATE INDEX blog_postrasm_post_id_e1f6158c ON public.blog_postrasm USING btree (post_id);


--
-- TOC entry 4965 (class 1259 OID 26185)
-- Name: django_admin_log_content_type_id_c4bce8eb; Type: INDEX; Schema: public; Owner: postgres
--

CREATE INDEX django_admin_log_content_type_id_c4bce8eb ON public.django_admin_log USING btree (content_type_id);


--
-- TOC entry 4968 (class 1259 OID 26186)
-- Name: django_admin_log_user_id_c564eba6; Type: INDEX; Schema: public; Owner: postgres
--

CREATE INDEX django_admin_log_user_id_c564eba6 ON public.django_admin_log USING btree (user_id);


--
-- TOC entry 4985 (class 1259 OID 26302)
-- Name: django_session_expire_date_a5c62663; Type: INDEX; Schema: public; Owner: postgres
--

CREATE INDEX django_session_expire_date_a5c62663 ON public.django_session USING btree (expire_date);


--
-- TOC entry 4988 (class 1259 OID 26301)
-- Name: django_session_session_key_c0390e0f_like; Type: INDEX; Schema: public; Owner: postgres
--

CREATE INDEX django_session_session_key_c0390e0f_like ON public.django_session USING btree (session_key varchar_pattern_ops);


--
-- TOC entry 4990 (class 2606 OID 26124)
-- Name: auth_group_permissions auth_group_permissio_permission_id_84c5c92e_fk_auth_perm; Type: FK CONSTRAINT; Schema: public; Owner: postgres
--

ALTER TABLE ONLY public.auth_group_permissions
    ADD CONSTRAINT auth_group_permissio_permission_id_84c5c92e_fk_auth_perm FOREIGN KEY (permission_id) REFERENCES public.auth_permission(id) DEFERRABLE INITIALLY DEFERRED;


--
-- TOC entry 4991 (class 2606 OID 26119)
-- Name: auth_group_permissions auth_group_permissions_group_id_b120cbf9_fk_auth_group_id; Type: FK CONSTRAINT; Schema: public; Owner: postgres
--

ALTER TABLE ONLY public.auth_group_permissions
    ADD CONSTRAINT auth_group_permissions_group_id_b120cbf9_fk_auth_group_id FOREIGN KEY (group_id) REFERENCES public.auth_group(id) DEFERRABLE INITIALLY DEFERRED;


--
-- TOC entry 4989 (class 2606 OID 26110)
-- Name: auth_permission auth_permission_content_type_id_2f476e4b_fk_django_co; Type: FK CONSTRAINT; Schema: public; Owner: postgres
--

ALTER TABLE ONLY public.auth_permission
    ADD CONSTRAINT auth_permission_content_type_id_2f476e4b_fk_django_co FOREIGN KEY (content_type_id) REFERENCES public.django_content_type(id) DEFERRABLE INITIALLY DEFERRED;


--
-- TOC entry 4992 (class 2606 OID 26139)
-- Name: auth_user_groups auth_user_groups_group_id_97559544_fk_auth_group_id; Type: FK CONSTRAINT; Schema: public; Owner: postgres
--

ALTER TABLE ONLY public.auth_user_groups
    ADD CONSTRAINT auth_user_groups_group_id_97559544_fk_auth_group_id FOREIGN KEY (group_id) REFERENCES public.auth_group(id) DEFERRABLE INITIALLY DEFERRED;


--
-- TOC entry 4993 (class 2606 OID 26134)
-- Name: auth_user_groups auth_user_groups_user_id_6a12ed8b_fk_auth_user_id; Type: FK CONSTRAINT; Schema: public; Owner: postgres
--

ALTER TABLE ONLY public.auth_user_groups
    ADD CONSTRAINT auth_user_groups_user_id_6a12ed8b_fk_auth_user_id FOREIGN KEY (user_id) REFERENCES public.auth_user(id) DEFERRABLE INITIALLY DEFERRED;


--
-- TOC entry 4994 (class 2606 OID 26153)
-- Name: auth_user_user_permissions auth_user_user_permi_permission_id_1fbb5f2c_fk_auth_perm; Type: FK CONSTRAINT; Schema: public; Owner: postgres
--

ALTER TABLE ONLY public.auth_user_user_permissions
    ADD CONSTRAINT auth_user_user_permi_permission_id_1fbb5f2c_fk_auth_perm FOREIGN KEY (permission_id) REFERENCES public.auth_permission(id) DEFERRABLE INITIALLY DEFERRED;


--
-- TOC entry 4995 (class 2606 OID 26148)
-- Name: auth_user_user_permissions auth_user_user_permissions_user_id_a95ead1b_fk_auth_user_id; Type: FK CONSTRAINT; Schema: public; Owner: postgres
--

ALTER TABLE ONLY public.auth_user_user_permissions
    ADD CONSTRAINT auth_user_user_permissions_user_id_a95ead1b_fk_auth_user_id FOREIGN KEY (user_id) REFERENCES public.auth_user(id) DEFERRABLE INITIALLY DEFERRED;


--
-- TOC entry 4999 (class 2606 OID 26268)
-- Name: blog_izoh blog_izoh_muallif_id_e16ac395_fk_auth_user_id; Type: FK CONSTRAINT; Schema: public; Owner: postgres
--

ALTER TABLE ONLY public.blog_izoh
    ADD CONSTRAINT blog_izoh_muallif_id_e16ac395_fk_auth_user_id FOREIGN KEY (muallif_id) REFERENCES public.auth_user(id) DEFERRABLE INITIALLY DEFERRED;


--
-- TOC entry 5000 (class 2606 OID 26273)
-- Name: blog_izoh blog_izoh_post_id_1dd9ec33_fk_blog_post_id; Type: FK CONSTRAINT; Schema: public; Owner: postgres
--

ALTER TABLE ONLY public.blog_izoh
    ADD CONSTRAINT blog_izoh_post_id_1dd9ec33_fk_blog_post_id FOREIGN KEY (post_id) REFERENCES public.blog_post(id) DEFERRABLE INITIALLY DEFERRED;


--
-- TOC entry 4998 (class 2606 OID 26262)
-- Name: blog_post blog_post_muallif_id_103a9173_fk_auth_user_id; Type: FK CONSTRAINT; Schema: public; Owner: postgres
--

ALTER TABLE ONLY public.blog_post
    ADD CONSTRAINT blog_post_muallif_id_103a9173_fk_auth_user_id FOREIGN KEY (muallif_id) REFERENCES public.auth_user(id) DEFERRABLE INITIALLY DEFERRED;


--
-- TOC entry 5001 (class 2606 OID 26280)
-- Name: blog_postrasm blog_postrasm_post_id_e1f6158c_fk_blog_post_id; Type: FK CONSTRAINT; Schema: public; Owner: postgres
--

ALTER TABLE ONLY public.blog_postrasm
    ADD CONSTRAINT blog_postrasm_post_id_e1f6158c_fk_blog_post_id FOREIGN KEY (post_id) REFERENCES public.blog_post(id) DEFERRABLE INITIALLY DEFERRED;


--
-- TOC entry 5002 (class 2606 OID 26286)
-- Name: blog_profil blog_profil_foydalanuvchi_id_7f6e53d9_fk_auth_user_id; Type: FK CONSTRAINT; Schema: public; Owner: postgres
--

ALTER TABLE ONLY public.blog_profil
    ADD CONSTRAINT blog_profil_foydalanuvchi_id_7f6e53d9_fk_auth_user_id FOREIGN KEY (foydalanuvchi_id) REFERENCES public.auth_user(id) DEFERRABLE INITIALLY DEFERRED;


--
-- TOC entry 4996 (class 2606 OID 26175)
-- Name: django_admin_log django_admin_log_content_type_id_c4bce8eb_fk_django_co; Type: FK CONSTRAINT; Schema: public; Owner: postgres
--

ALTER TABLE ONLY public.django_admin_log
    ADD CONSTRAINT django_admin_log_content_type_id_c4bce8eb_fk_django_co FOREIGN KEY (content_type_id) REFERENCES public.django_content_type(id) DEFERRABLE INITIALLY DEFERRED;


--
-- TOC entry 4997 (class 2606 OID 26180)
-- Name: django_admin_log django_admin_log_user_id_c564eba6_fk_auth_user_id; Type: FK CONSTRAINT; Schema: public; Owner: postgres
--

ALTER TABLE ONLY public.django_admin_log
    ADD CONSTRAINT django_admin_log_user_id_c564eba6_fk_auth_user_id FOREIGN KEY (user_id) REFERENCES public.auth_user(id) DEFERRABLE INITIALLY DEFERRED;


-- Completed on 2026-04-08 16:20:27

--
-- PostgreSQL database dump complete
--

\unrestrict 8eu2u8r03HB8EKOXf4ivhGxkmwAGRETHpM29Vn0RWxWZouB2yqu1YwGkTr5AUqx

